﻿<?xml version="1.0" encoding="utf-8"?><Search><pages Count="14"><page Index="1"><![CDATA[非本地學生








                                           辦證須知























                   University








                   of























                   Macau]]></page><page Index="2"><![CDATA[非本地學生辦證須知




                                                           目錄


                   證件辦理地點及常用連結                                           р.2


                   一、中國內地學生
                         1.  入境澳門                                                 р.3
                         2.  逗留澳門須知及學年流程                                   р.4

                         3.  “逗留的特別許可”                                       р.7
                         4.  逾期逗留                                                 р.7
                         5.  逾期逗留之罰則                                           р.8
                         6.  《往來港澳通行證》遺失之處理                             р.8


                   二、香港學生
                         1.  逗留期限                                                 р.9
                         2.  “逗留的特別許可”                                       р.9
                         3.  逾期逗留                                                 р.9

                         4.  逾期逗留之罰則                                           р.9

                       在澳逗留 Q&A                                                 р.10

























                                                            1]]></page><page Index="3"><![CDATA[非本地學生辦證須知


                   證件辦理地點及常用連結


                   1.   逗留的特別許可

                     居留及逗留事務廳逗留分處
                     地址: 澳門氹仔北安碼頭一巷出入境事務大樓
                     電話: 2872-5488 (共 6 條線)
                     辦公時間:               星期一至四 上午九時至下午五時四十五分

                                         星期五     上午九時至下午五時三十分 (公眾假期除外)
                                         (截籌時間為下午五時)
                     網址: http://www.fsm.gov.mo/psp/cht/psp_top5_4_1.html


                   2.   內地往來港澳通行證
                     (1) 澳門中國旅行社通行證辦證處
                         地址: 澳門羅理基博士大馬路南光大廈一字樓
                         電話: 8799-8117

                              辦公時間:             星期一至六上午九時至下午五時
                                 (中午不休息,星期日及公眾假期休息)
                     網址: http://www.cts.com.mo/col/col1457/index.html
                     (2) 珠海出入境簽證辦事處
                         地址: 珠海拱北口岸聯檢大樓入境大廳二樓 2115 室

                         電話: (0756) 8152012 / (+853) 66601117
                              辦公時間:             每天上午九時至晚上九時
                         珠海出入境簽證辦事處只在澳門假期及星期天接受《往來港澳通行證》
                         簽注手續之申請,而因遺失通行證而辦理證件之聯絡電話為:

                         (0756) 8152012
                     (3) 戶口所在地公安機關出入境管理部門





















                                                            2]]></page><page Index="4"><![CDATA[非本地學生辦證須知


                   非本地學生辦證手續


                   一、中國內地學生

                         1.  入境澳門
                            內地學生在澳留學須持有卡式電子《往來港澳通行證》及“往來港澳
                            簽注(逗留 D)"方能進入澳門


                            a. 卡式電子《往來港澳通行證》












                            b.“往來港澳簽注(逗留 D)”



























                                                            3]]></page><page Index="5"><![CDATA[非本地學生辦證須知


                         2.  逗留澳門須知及學年流程

                            a.  一般情況下學生每次簽注之期限為一年,故學生須每年續簽。
                            b.  每次續簽後,進入澳門必須辦理“逗留的特別許可”,並應注意批核
                                之期限,以防止逾期逗留。
                            c.  每學年之簡易流程可參考下列表:


                     情況一：
                         1.  內地生於收到錄取通知書後,需於戶口所在地公安機關出入境部門辦理

                            往來港澳通行證及簽注。
                           新辦的往來港澳簽注,在首次入境澳門後，一般會獲得批准逗留在澳門

                           90 天,學生必須在該 90 天內完成“逗留的特別許可”手續(獲發“逗
                           留許可憑條”,請務必妥善保管。)

                                 錄取                 辦理/續簽                        進入澳門


                         首                      往來港澳通行證                   (新生首次入境必須經人
                         次       續期                                          工查驗通道過關)
                       入
                         境
                         澳                                               新生

                         門       1. 獲發一張以電腦打印的入                                         舊生

                                 境申報表。                                    獲得逗留 90 天的許可
                                 2. 所持有之舊款本式通行證
                                 上被蓋上逗留限期之日期印                              (詳情請參考海關發出
                                 章。                                         之“入境申報表”)

                                 * 以上資料樣本可參考下頁




















                                                            4]]></page><page Index="6"><![CDATA[非本地學生辦證須知



                       情況二：

                             1.  新生:學生資源處每年皆會帶領入學新生前往居留及逗留事務廳

                                進行首次辦理“逗留的特別許可”手續,新生必須跟隨;
                             2.  舊生:續簽“逗留 D"後,首次進入澳門即獲得批准逗留在澳門 90
                                天,學生必須於該期限內自行前往居留及逗留事務廳辦理“逗留
                                                                       的特別許可”手續。

                             3.  如學生未能於指定期限完成,將可能導致逾期逗留引致罰款;如超

                                過 30 天甚至將視為非法移民,會列入黑名單, 於指定時間(一般
                         首      為兩年)內不能再進入澳門。
                         次
                       入
                         境
                         澳
                                                                              大學帶領前往辦理
                         門
                              於逗留許可期限内                       新生                 新生必須出席

                              （以權限實體之批

                                   核為準）                      舊生                   自行前往

                                                                           居留及逗留事務廳辦理




























                                                            5]]></page><page Index="7"><![CDATA[非本地學生辦證須知


                   電腦打印的入境申報表


                                 正面                                 背面























                     * 詳情可參考澳門治安警察局網站：
                     http://www.fsm.gov.mo/psp//cht/main.html




                       1.  中國內地自助查驗通道開通手續可自行前往珠海拱北口岸大樓側旁的東
                          配樓辦理。
                       2.  澳門自助查驗通道開通手續必須在完成辦理“逗留許可”或“逗留的特
                          別許可”的手續後，才可申請自助過關手續，辦理地點為澳門出境口岸
                          二樓大堂。



























                                                            6]]></page><page Index="8"><![CDATA[非本地學生辦證須知


                   3. “逗留的特別許可”

                         a.  根據澳門法例之規定，來澳修讀高等院校課程之非本地人士(香港永久

                            居民除外)必須辦理“逗留的特別許可”(俗稱學生簽證)，該許可是逗
                            留澳門地區的有效證件。詳情請至澳門治安警察局居留及逗留事務廳
                            網頁瀏覽 http://www.fsm.gov.mo/。
                         b.  學生資源處將於學年初統一安排預約及帶領新生及交換生辦理首次

                            “逗留的特別許可”，新生必須按指示辦理。
                         c.  “逗留的特別許可”有效期最長為一年且每年均須前往居留及逗留事
                            務廳或各自助服務機完成辦理續期手續。
                         d.  若學生於在學期間休學、退學、提前完成課程或修業等情況下，均需

                            辦理 逗留的特別許可 的註銷手續。自居留及逗留事務廳接獲校方
                            就上述情況學生離校的通知函當日起計，該等學生原有的“逗留的特
                            別許可”即告失效，學生必須在緊接辦妥校方有關手續後第一個政府
                            辦公日或之前離境。如需延長留澳期限，須親往居留及逗留事務廳以

                            註銷其作就讀目的之“逗留的特別許可"。學生應在該“逗留許可”屆
                            滿前離澳；若屬完成原課程後繼續升讀原校其它課程的學生，亦需向
                            居留及逗留事務廳辦妥上述註銷原作就讀目的之“逗留的特別許可”
                            之手續，並在獲給予的一般“逗留許可”有效期內，重新向居留及逗
                            留事務廳提交新的 “逗留的特別許可”申請。若當事人無任何有效

                            “逗留許可”而仍繼續留澳，將觸犯相關法律被視作逾期逗留。(最高
                            罰金為每逾期一日罰款為澳門元 500 元)
                         e.  有關簽發、延期及取消“逗留的特別許可”可參閱治安警察局—居留

                            及逗留事務廳發出之 在本澳高等院校就讀之內地學生注意事項 小
                            冊子或瀏覽治安警察局網頁。


                   4. 逾期逗留

                      逾期逗留包含以下任何一項：

                      a. 沒有辦理“逗留的特別許可”之情形下，並在澳逗留超過本澳邊境站人員
                         給予的逗留期限；
                      b. 未按本澳邊檢站人員指示於入境後從速前往居留及逗留事務廳辦妥所需手
                         續；

                      c. 在澳逗留時間超過“往來港澳簽註（逗留 D）”之出境有效期；
                      d. 失去學生身份仍逗留澳門並沒有其他有效入境之簽註。









                                                            7]]></page><page Index="9"><![CDATA[非本地學生辦證須知


                   5. 逾期逗留之罰則

                       a.  根據第 16/2021 號法律《澳門特別行政區出入境管控、逗留及居留許可

                           的法律制度》》中關於逾期逗留的規定，對在許可期限屆滿後仍在澳門
                           特別行政區逾期逗留不超過三十日的人士，每逾期一日罰款澳門元 500
                           元，有關違法者在被拘留或自行投案後須即時繳納罰款。
                       b.  曾於一年內做出相同違反行為的人士，不得以繳納罰款的方式促使有關

                           逾期逗留的狀況合乎規範。
                       c.  未按第一款規定及在該款所指的期間促使逾期逗留的狀況合乎規範的
                           人，視為非法移民，其於兩年內不得提出居留許可、延長逗留許可或外
                           地勞工逗留許可的申請，居留及逗留事務廳對此等申請將不予受理。



                   6.《往來港澳通行證》遺失之處理

                       如遺失《往來港澳通行證》,學生可按以下方式處理:

                       a.  學生應在遺失證件後,儘快前往當地之警察局/公安局報失,並領取相關報
                          案證明;
                       b.  如在澳門遺失證件,可直接前往澳門居留及逗留事務廳逗留分處報失。
                       c.  學生憑報失證明向註冊處或研究生院申請「在學證明」,以便重新辦理
                          《往來港澳通行證》及“往來港澳簽注(逗留 D)"。



                   學生必須隨身攜帶身份證明文件備查。

                   上述內容以辦證機關公佈為準。


























                                                            8]]></page><page Index="10"><![CDATA[非本地學生辦證須知


                   二、香港學生

                   1.  逗留期限

                       a.  香港學生持有效的「香港永久性居民身份證」「香港身份證」(載有
                           “*”,“ ” 或“R”代號者)或回港證在有效期內首次進入本澳,每次

                           入境時獲給予的“逗留許可”為一年。
                       b.  香港學生持有效證件(非上述證件類別) 在有效期內進入本澳,應遵守每
                           次入境時獲給予的“逗留許可”期限。
                       c.  “逗留許可”期限少於一年之香港學生在澳就讀期間,應在入境所給予
                           的“逗留許可”屆滿前二十天親自前往居留及逗留事務廳逗留分處申請
                           以就讀為由的“逗留的特別許可”,以延長其每次入境逗留之期限。


                   2. “逗留的特別許可”

                       a.  學生資源處將統一為入學新生安排預約及帶領前往辦理該手續,新生必須
                          按指示辦理。
                       b.  有關簽發、延期及取消“逗留的特別許可”,可瀏覽治安警察局網頁。




                   3. 逾期逗留

                       逾期逗留包含以下任何一項:
                       a.  沒有辦理“逗留的特別許可”而超過逗留期限仍逗留澳門;
                       b.  依所持之證件類別,在澳通留時間超過逗留許可之效日期。



                   4. 逾期逗留之罰則

                       a.  根據第 14/2014 號行政法規「修改《入境、逗留及居留許可規章》中關
                          於逾期逗留的規定」，對在許可期限屆滿後仍在澳門特別行政區逾期逗
                          留不超過三十日的人士，每逾期一日罰款澳門元 500 元，有關違法者在
                          被拘留或自行投案後須即時繳納罰款。
                       b.  曾於一年內作出相同違反行為的人士，不得以繳納罰款的方式促使有關
                          逾期逗留的狀況合乎規範。
                       c.  未按第一款規定及在該款所指的期間促使逾期逗留的狀況合乎規範的
                          人，視為非法移民，其於兩年內不得提出居留許可、延長逗留許可或外
                          地勞工逗留許可的申請，居留及逗留事務廳對此等申請將不予受理。
                       d.  根據第 6/2004 號法律規定，視為非法移民的人士，會被驅逐出境和禁
                          止於驅逐令中所指的期間內進入澳門特別行政區。

                   學生必須隨身攜帶身份證明文件備查。


                   上述內容以辦證機關公佈為準。



                                                            9]]></page><page Index="11"><![CDATA[非本地學生辦證須知


                   在澳逗留 Q&A (僅供參考)




                    Q1.        內地學生來澳升學應持有甚麼逗留證件?

                   ANS:          a. 卡式電子《往來港澳通行證》及

                               b. “往來港澳簽注(逗留 D)”



                    Q2.                  假設遺失電腦打印的入境申報表,該怎麼辦?


                   ANS:           倘若遺失電腦打印的入境申報表,學生可自行前往澳門各邊境口岸
                                 或澳門氹仔北安碼頭一巷治安警察局出入境事務大樓居留及逗留
                                 事務廳、澳門或氹仔各警務警司處(警區)及機場警察接待處 24
                                 小時免費辦理補發手續。(請盡量避免此情況發生)



                    Q3.        內地學生首次使用“逗留 D”簽注入境澳門後,應該注意甚麼?

                   ANS：      內地學生持“逗留 D"進入澳門後,一般被給予逗留最多 90 天。

                                 學生須於此期限內前往居留及逗留事務廳辦理“逗留的特別許
                                 可”,以延長在澳門的逗留時間。



                    Q4.                  內地學生該如何辦理“逗留的特別許可”?

                   ANS:           學生資源處將於學生完成註冊後的 90 天內統一為入學新生安排預
                                 約及帶領前往辦理，新生必須按指示辦理。



                    Q5.           假設內地學生於已批給的 90  天首次逗留期限內,沒有前往居留及
                                 逗留事務廳辦理“逗留的特別許可”,該怎麼辦?

                   ANS：          a. 如學生尚未於期限內辦理“逗留的特別許可”申請或延期申請,

                                 必須於逗留期限(依邊檢站蓋章批示之日期為準)內離開澳門。

                                 b. 學生離澳後,若能出示學生證及「在學證明」等文件再次入境,
                                 邊境關口人員會暫時准予入境,並發出通知書要求學生於指定期限
                                 內前往居留及逗留事務廳逗留分處報到及辦理“逗留的特別許
                                 可”。

                                 c.  學生必須遵守通知書指定之期限,違者一律將視為逾期逗留處
                                 理。




                                                           10]]></page><page Index="12"><![CDATA[非本地學生辦證須知


                    Q6.          在甚麼情形下オ算是逾期逗留?

                   ANS：           a. 在澳門逗留時間超出入境時批示之日期或“逗留 D”之有效期
                                 限;


                                 b. 没有按照本澳邊檢站發出之書面通知所定日期前往居留及逗留
                                 事務廳逗留分處辦理手續;

                                 c. 失去學生身份仍逗留澳門,並且沒有其他有效入境之簽注。



                    Q7.          如果發生逾期通留,會有什麼後果?

                   ANS：           按法律規定，每逾期一日，會被科以澳門元 500 的罰款，以澳門
                                 元 15,000 為限，違法者須在法定的 10 個工作天內繳付。倘有關
                                 違法者逾期不多於 30 天，可被驅逐出境及實施禁止入境等安全措
                                 施，同時在禁止入境屆滿後的兩年內不得申請居留許可及逗留特
                                 別許可。




                    Q8.           假設學生甲在 11 月 10 日(星期二)辦妥離校手續，其應於何時辦
                                 理離境手續以避免逾期逗留的情況發生?

                   ANS：           學生甲應於 11 月 11 日(星期三)或之前離境，或於 11 月 11 日(星
                                 期三)之辦公時間內  親臨居留及逗留事務廳逗留分處註銷原學生
                                 類“逗留許可”及申領一般“逗留許可”。自  11  月 12 日(星期
                                 四)起，如學生甲仍持原學生類“逗留許可”留澳，即處於逾期逗
                                 留狀況。



                    Q9.           假設學生乙在 11 月 13 日(星期五)辦妥離校手續，其應於何時辦

                                 理離境手續以避免逾期逗留的情況發生?

                   ANS：           學生乙應於 11 月 16 日(星期一)或之前離境，或於 11 月 16 日(星
                                 期一)之辦公時間內，親臨居留及逗留事務廳逗留分處註銷原學生
                                 類“逗留許可”及申領一般“逗留許可”。自 11 月 17 日(星期二)
                                 起，如學生甲仍持原學生類“逗留許可”留澳，即處於逾期逗留
                                 狀況。



                    Q10.         如何辦理自助查驗通道過關手續?

                   ANS：           日後往返中國內地及澳門時,學生可分別在珠海出入境邊防檢查總

                                 站及澳門邊境口岸自行辦理自助查驗通道過關手續。




                                                           11]]></page><page Index="13"><![CDATA[非本地學生辦證須知


                                 a. 中國內地自助查驗通道開通手續可自行前往珠海拱北口岸大樓
                                 側旁的東配樓辦理。

                                 b. 澳門自助查驗通道開通手續則必須在完成辦理“逗留許可”或
                                 “逗留的特別許可”的手續後,才可申請自助過關手續,辦理地點

                                 為澳門出境口岸二樓大堂。持有卡式電子《往來港澳通行證》者,
                                 如在申辦證件時已授權澳門治安警察局使用其指紋模板信息,則可
                                 直接使用澳門自助查驗通道進出境。



                    Q11.         倘若使用他人之通行證等身份證明文件,會有甚麼法律後果?

                   ANS：           根據澳門《刑法典》第 251 條規定,意圖造成他人或本地區有所損
                                 失,又或意圖為自己或他人獲得不正當利益,而使用發給予他人之
                                 身分證明文件者,處最高 3 年徒刑或科罰金。意圖使上述之事實有
                                 可能發生,而將身分證明文件交予他人者,處相同刑罰。




                   Q12.          在辦理證件手續中,相片大小及顏色有何要求?

                   ANS： a) 辦理“逗留的特別許可”手續:

                                 相片要求:1 吋半黑白或彩色白底正面免冠近照 1 張。

                                 b) 辦理《往來港澳通行證》各項手續:

                                 相片要求:兩張廣東省出入境證件數碼相片質量檢測中心檢測合格
                                 的本人相片及回執單。



                   上述內容以辦證機構公佈為準。





























                                                           12]]></page><page Index="14"><![CDATA[學生事務部學生資源處

                                          地址: 學生活動中心E31-2007
                                              電話: (853) 8822 9902

                                      電郵地址: sao.services@um.edu.mo
                                      網站: https://srs.sao.um.edu.mo/



                         Student Resources Section of Student Affairs Office
                                Address: Student Activity Center E31-2007

                                         Contact No.: (853) 8822 9902

                                       E-Mail: sao.services@um.edu.mo
                                    Website: https://srs.sao.um.edu.mo/]]></page></pages></Search>